"2020-03-12 13:59:47.494","https|api.weixin.qq.com:443|api.weixin.qq.com|/","Error: connect ENETUNREACH 58.251.80.204:443\n    at TCPConnectWrap.afterConnect [as oncomplete] (net.js:1137:16) {\n  errno: 'ENETUNREACH',\n  code: 'ENETUNREACH',\n  syscall: 'connect',\n  address: '58.251.80.204',\n  port: 443\n}"
"2020-03-12 14:00:47.482","https|api.weixin.qq.com:443|api.weixin.qq.com|/","Error: connect ENETUNREACH 58.251.80.204:443\n    at TCPConnectWrap.afterConnect [as oncomplete] (net.js:1137:16) {\n  errno: 'ENETUNREACH',\n  code: 'ENETUNREACH',\n  syscall: 'connect',\n  address: '58.251.80.204',\n  port: 443\n}"
"2020-03-12 14:01:47.482","https|api.weixin.qq.com:443|api.weixin.qq.com|/","Error: connect ENETUNREACH 58.251.80.204:443\n    at TCPConnectWrap.afterConnect [as oncomplete] (net.js:1137:16) {\n  errno: 'ENETUNREACH',\n  code: 'ENETUNREACH',\n  syscall: 'connect',\n  address: '58.251.80.204',\n  port: 443\n}"
"2020-03-12 14:02:47.483","https|api.weixin.qq.com:443|api.weixin.qq.com|/","Error: connect ENETUNREACH 58.251.80.204:443\n    at TCPConnectWrap.afterConnect [as oncomplete] (net.js:1137:16) {\n  errno: 'ENETUNREACH',\n  code: 'ENETUNREACH',\n  syscall: 'connect',\n  address: '58.251.80.204',\n  port: 443\n}"
"2020-03-12 14:03:47.486","https|api.weixin.qq.com:443|api.weixin.qq.com|/","Error: connect ENETUNREACH 58.251.80.204:443\n    at TCPConnectWrap.afterConnect [as oncomplete] (net.js:1137:16) {\n  errno: 'ENETUNREACH',\n  code: 'ENETUNREACH',\n  syscall: 'connect',\n  address: '58.251.80.204',\n  port: 443\n}"
"2020-03-12 14:04:47.488","https|api.weixin.qq.com:443|api.weixin.qq.com|/","Error: connect ENETUNREACH 58.251.80.204:443\n    at TCPConnectWrap.afterConnect [as oncomplete] (net.js:1137:16) {\n  errno: 'ENETUNREACH',\n  code: 'ENETUNREACH',\n  syscall: 'connect',\n  address: '58.251.80.204',\n  port: 443\n}"
"2020-03-12 14:05:47.485","https|api.weixin.qq.com:443|api.weixin.qq.com|/","Error: connect ENETUNREACH 58.251.80.204:443\n    at TCPConnectWrap.afterConnect [as oncomplete] (net.js:1137:16) {\n  errno: 'ENETUNREACH',\n  code: 'ENETUNREACH',\n  syscall: 'connect',\n  address: '58.251.80.204',\n  port: 443\n}"
"2020-03-12 14:06:47.491","https|api.weixin.qq.com:443|api.weixin.qq.com|/","Error: connect ENETUNREACH 58.251.80.204:443\n    at TCPConnectWrap.afterConnect [as oncomplete] (net.js:1137:16) {\n  errno: 'ENETUNREACH',\n  code: 'ENETUNREACH',\n  syscall: 'connect',\n  address: '58.251.80.204',\n  port: 443\n}"
"2020-03-12 14:07:47.490","https|api.weixin.qq.com:443|api.weixin.qq.com|/","Error: connect ENETUNREACH 58.251.80.204:443\n    at TCPConnectWrap.afterConnect [as oncomplete] (net.js:1137:16) {\n  errno: 'ENETUNREACH',\n  code: 'ENETUNREACH',\n  syscall: 'connect',\n  address: '58.251.80.204',\n  port: 443\n}"
"2020-03-12 14:08:47.492","https|api.weixin.qq.com:443|api.weixin.qq.com|/","Error: connect ENETUNREACH 58.251.80.204:443\n    at TCPConnectWrap.afterConnect [as oncomplete] (net.js:1137:16) {\n  errno: 'ENETUNREACH',\n  code: 'ENETUNREACH',\n  syscall: 'connect',\n  address: '58.251.80.204',\n  port: 443\n}"
"2020-03-12 14:09:47.493","https|api.weixin.qq.com:443|api.weixin.qq.com|/","Error: connect ENETUNREACH 58.251.80.204:443\n    at TCPConnectWrap.afterConnect [as oncomplete] (net.js:1137:16) {\n  errno: 'ENETUNREACH',\n  code: 'ENETUNREACH',\n  syscall: 'connect',\n  address: '58.251.80.204',\n  port: 443\n}"
"2020-03-12 14:10:47.488","https|api.weixin.qq.com:443|api.weixin.qq.com|/","Error: connect ENETUNREACH 58.251.80.204:443\n    at TCPConnectWrap.afterConnect [as oncomplete] (net.js:1137:16) {\n  errno: 'ENETUNREACH',\n  code: 'ENETUNREACH',\n  syscall: 'connect',\n  address: '58.251.80.204',\n  port: 443\n}"
"2020-03-12 14:11:47.492","https|api.weixin.qq.com:443|api.weixin.qq.com|/","Error: connect ENETUNREACH 58.251.80.204:443\n    at TCPConnectWrap.afterConnect [as oncomplete] (net.js:1137:16) {\n  errno: 'ENETUNREACH',\n  code: 'ENETUNREACH',\n  syscall: 'connect',\n  address: '58.251.80.204',\n  port: 443\n}"
"2020-03-12 14:12:47.491","https|api.weixin.qq.com:443|api.weixin.qq.com|/","Error: connect ENETUNREACH 58.251.80.204:443\n    at TCPConnectWrap.afterConnect [as oncomplete] (net.js:1137:16) {\n  errno: 'ENETUNREACH',\n  code: 'ENETUNREACH',\n  syscall: 'connect',\n  address: '58.251.80.204',\n  port: 443\n}"
"2020-03-12 14:13:47.498","https|api.weixin.qq.com:443|api.weixin.qq.com|/","Error: connect ENETUNREACH 58.251.80.204:443\n    at TCPConnectWrap.afterConnect [as oncomplete] (net.js:1137:16) {\n  errno: 'ENETUNREACH',\n  code: 'ENETUNREACH',\n  syscall: 'connect',\n  address: '58.251.80.204',\n  port: 443\n}"
"2020-03-12 14:14:47.491","https|api.weixin.qq.com:443|api.weixin.qq.com|/","Error: connect ENETUNREACH 58.251.80.204:443\n    at TCPConnectWrap.afterConnect [as oncomplete] (net.js:1137:16) {\n  errno: 'ENETUNREACH',\n  code: 'ENETUNREACH',\n  syscall: 'connect',\n  address: '58.251.80.204',\n  port: 443\n}"
"2020-03-12 14:15:47.492","https|api.weixin.qq.com:443|api.weixin.qq.com|/","Error: connect ENETUNREACH 58.251.80.204:443\n    at TCPConnectWrap.afterConnect [as oncomplete] (net.js:1137:16) {\n  errno: 'ENETUNREACH',\n  code: 'ENETUNREACH',\n  syscall: 'connect',\n  address: '58.251.80.204',\n  port: 443\n}"
