"2020-03-13 13:00:12.596","https|api.weixin.qq.com:443|api.weixin.qq.com|/","404","0.148"
"2020-03-13 13:01:12.585","https|api.weixin.qq.com:443|api.weixin.qq.com|/","404","0.137"
"2020-03-13 13:02:12.595","https|api.weixin.qq.com:443|api.weixin.qq.com|/","404","0.147"
"2020-03-13 13:03:12.596","https|api.weixin.qq.com:443|api.weixin.qq.com|/","404","0.148"
"2020-03-13 13:04:12.597","https|api.weixin.qq.com:443|api.weixin.qq.com|/","404","0.15"
"2020-03-13 13:05:12.592","https|api.weixin.qq.com:443|api.weixin.qq.com|/","404","0.145"
"2020-03-13 13:06:12.640","https|api.weixin.qq.com:443|api.weixin.qq.com|/","404","0.193"
"2020-03-13 13:07:12.594","https|api.weixin.qq.com:443|api.weixin.qq.com|/","404","0.145"
"2020-03-13 13:08:12.610","https|api.weixin.qq.com:443|api.weixin.qq.com|/","404","0.161"
"2020-03-13 13:09:12.598","https|api.weixin.qq.com:443|api.weixin.qq.com|/","404","0.149"
"2020-03-13 13:10:13.968","https|api.weixin.qq.com:443|api.weixin.qq.com|/","404","1.519"
"2020-03-13 13:11:12.587","https|api.weixin.qq.com:443|api.weixin.qq.com|/","404","0.137"
"2020-03-13 13:12:12.614","https|api.weixin.qq.com:443|api.weixin.qq.com|/","404","0.163"
"2020-03-13 13:13:12.617","https|api.weixin.qq.com:443|api.weixin.qq.com|/","404","0.166"
"2020-03-13 13:14:12.597","https|api.weixin.qq.com:443|api.weixin.qq.com|/","404","0.146"
"2020-03-13 13:15:12.637","https|api.weixin.qq.com:443|api.weixin.qq.com|/","404","0.187"
"2020-03-13 13:16:12.600","https|api.weixin.qq.com:443|api.weixin.qq.com|/","404","0.149"
"2020-03-13 13:17:12.609","https|api.weixin.qq.com:443|api.weixin.qq.com|/","404","0.158"
"2020-03-13 13:18:12.633","https|api.weixin.qq.com:443|api.weixin.qq.com|/","404","0.183"
"2020-03-13 13:19:12.615","https|api.weixin.qq.com:443|api.weixin.qq.com|/","404","0.166"
"2020-03-13 13:20:12.647","https|api.weixin.qq.com:443|api.weixin.qq.com|/","404","0.196"
"2020-03-13 13:21:12.646","https|api.weixin.qq.com:443|api.weixin.qq.com|/","404","0.194"
"2020-03-13 13:22:12.603","https|api.weixin.qq.com:443|api.weixin.qq.com|/","404","0.152"
"2020-03-13 13:23:12.616","https|api.weixin.qq.com:443|api.weixin.qq.com|/","404","0.164"
"2020-03-13 13:24:12.607","https|api.weixin.qq.com:443|api.weixin.qq.com|/","404","0.155"
"2020-03-13 13:25:12.606","https|api.weixin.qq.com:443|api.weixin.qq.com|/","404","0.153"
"2020-03-13 13:26:12.618","https|api.weixin.qq.com:443|api.weixin.qq.com|/","404","0.163"
"2020-03-13 13:27:12.599","https|api.weixin.qq.com:443|api.weixin.qq.com|/","404","0.143"
"2020-03-13 13:28:12.604","https|api.weixin.qq.com:443|api.weixin.qq.com|/","404","0.147"
"2020-03-13 13:29:12.652","https|api.weixin.qq.com:443|api.weixin.qq.com|/","404","0.179"
"2020-03-13 13:30:12.630","https|api.weixin.qq.com:443|api.weixin.qq.com|/","404","0.143"
"2020-03-13 13:31:12.643","https|api.weixin.qq.com:443|api.weixin.qq.com|/","404","0.14"
"2020-03-13 13:32:12.667","https|api.weixin.qq.com:443|api.weixin.qq.com|/","404","0.158"
"2020-03-13 13:33:12.658","https|api.weixin.qq.com:443|api.weixin.qq.com|/","404","0.14"
"2020-03-13 13:34:12.705","https|api.weixin.qq.com:443|api.weixin.qq.com|/","404","0.181"
"2020-03-13 13:35:12.697","https|api.weixin.qq.com:443|api.weixin.qq.com|/","404","0.173"
"2020-03-13 13:36:12.656","https|api.weixin.qq.com:443|api.weixin.qq.com|/","404","0.133"
"2020-03-13 13:37:12.679","https|api.weixin.qq.com:443|api.weixin.qq.com|/","404","0.144"
"2020-03-13 13:38:12.669","https|api.weixin.qq.com:443|api.weixin.qq.com|/","404","0.12"
"2020-03-13 13:39:12.721","https|api.weixin.qq.com:443|api.weixin.qq.com|/","404","0.157"
"2020-03-13 13:40:12.923","https|api.weixin.qq.com:443|api.weixin.qq.com|/","404","0.357"
"2020-03-13 13:41:12.725","https|api.weixin.qq.com:443|api.weixin.qq.com|/","404","0.147"
"2020-03-13 13:42:12.734","https|api.weixin.qq.com:443|api.weixin.qq.com|/","404","0.153"
"2020-03-13 13:43:12.765","https|api.weixin.qq.com:443|api.weixin.qq.com|/","404","0.17"
"2020-03-13 13:44:12.748","https|api.weixin.qq.com:443|api.weixin.qq.com|/","404","0.154"
"2020-03-13 13:45:12.797","https|api.weixin.qq.com:443|api.weixin.qq.com|/","404","0.201"
"2020-03-13 13:46:12.772","https|api.weixin.qq.com:443|api.weixin.qq.com|/","404","0.175"
"2020-03-13 13:47:12.746","https|api.weixin.qq.com:443|api.weixin.qq.com|/","404","0.142"
"2020-03-13 13:48:12.748","https|api.weixin.qq.com:443|api.weixin.qq.com|/","404","0.144"
"2020-03-13 13:49:12.783","https|api.weixin.qq.com:443|api.weixin.qq.com|/","404","0.178"
"2020-03-13 13:50:12.763","https|api.weixin.qq.com:443|api.weixin.qq.com|/","404","0.143"
"2020-03-13 13:51:12.792","https|api.weixin.qq.com:443|api.weixin.qq.com|/","404","0.158"
"2020-03-13 13:52:12.807","https|api.weixin.qq.com:443|api.weixin.qq.com|/","404","0.161"
"2020-03-13 13:53:12.786","https|api.weixin.qq.com:443|api.weixin.qq.com|/","404","0.139"
"2020-03-13 13:54:12.804","https|api.weixin.qq.com:443|api.weixin.qq.com|/","404","0.147"
"2020-03-13 13:55:12.839","https|api.weixin.qq.com:443|api.weixin.qq.com|/","404","0.18"
"2020-03-13 13:56:12.810","https|api.weixin.qq.com:443|api.weixin.qq.com|/","404","0.15"
"2020-03-13 13:57:12.827","https|api.weixin.qq.com:443|api.weixin.qq.com|/","404","0.167"
"2020-03-13 13:58:12.844","https|api.weixin.qq.com:443|api.weixin.qq.com|/","404","0.171"
"2020-03-13 13:59:12.828","https|api.weixin.qq.com:443|api.weixin.qq.com|/","404","0.155"
